{"Product_19": 71458.35905462086, "Product_20": 175063.64658337276, "Product_22": 106680.9130624798, "Product_30": 154975.5541518947, "Product_39": 55766.22179167239, "Product_48": 677184.7822649342, "Product_50": 198087.26858754965, "Product_55": 90596.63653355156, "Product_57": 45326.413992628266, "Product_67": 281040.0961334317}