{"Product_19": 44736.77841632494, "Product_20": 155097.93140532746, "Product_22": 93510.9183416623, "Product_30": 56117.60462587106, "Product_39": 21721.32499040428, "Product_48": 338563.0347719685, "Product_50": 116013.84857639672, "Product_55": 51014.443260437445, "Product_57": 33975.8415604494, "Product_67": 1028711.7451652203}