{"normalization": true, "retrain": false, "learning rate": 0.001, "epochs": 30, "prediction": {"Product_19": [[63.80746780719416, 65.14435177528891, 64.76316591470567, 64.5049333175421, 64.26160613976192, 65.33233164615571, 64.59635659620983, 64.68622885403181, 64.09445806318892, 65.27840944605197, 64.654904555061, 64.32460988826345, 64.20803099687204]], "Product_20": [[189.99975809339924, 191.4356740600731, 191.05191401105137, 190.83951669385317, 190.49921233245075, 191.68946334105266, 190.9096101331824, 190.95730515905504, 190.41040170073504, 191.5738573075816, 191.0055949795194, 190.6787357136386, 190.55801127671953]], "Product_22": [[367.6459174457456, 369.1750966523706, 368.78892111186565, 368.6197112262834, 368.1880518590288, 369.49087950225965, 368.66970775206977, 368.67766579965985, 368.17304630484267, 369.3171631761487, 368.8009599957797, 368.4773455217643, 368.35271855617384]], "Product_30": [[18514.897616937298, 18529.46576634557, 18528.74099374558, 18534.60748789186, 18521.40638568589, 18538.446961715774, 18531.848745523555, 18526.302841537752, 18531.706788858755, 18530.15094865317, 18536.909522527745, 18537.038587649793, 18536.368198821685]], "Product_39": [[61254.46997363032, 61291.600472256905, 61290.29595833756, 61306.621772234466, 61271.306187616465, 61315.588028884624, 61298.9962766281, 61283.82859025773, 61299.47762951594, 61293.22403905274, 61312.594615770715, 61313.513642702754, 61311.899998145265]], "Product_48": [[96802.22433675006, 96851.90881054765, 96850.28110972643, 96872.42513687492, 96824.80657141666, 96884.24496473606, 96862.09235399924, 96841.57210675467, 96862.91958070641, 96854.05464816302, 96880.44037577485, 96881.79829087561, 96879.65969184107]], "Product_50": [[1495.8975582284834, 1497.7216592400857, 1497.3281502033587, 1497.2962665226676, 1496.574801874872, 1498.2340729492505, 1497.2823857566802, 1497.164115580761, 1496.7942506119953, 1497.87593586428, 1497.5255404357233, 1497.2125162838145, 1497.0756037955746]], "Product_55": [[185452.8145659878, 185520.10873482094, 185518.07159239694, 185548.4839585105, 185483.47819341082, 185564.23767926032, 185534.3077364759, 185506.19859366654, 185535.68789012393, 185522.97702002354, 185559.3707241074, 185561.39143895003, 185558.5246718137]], "Product_57": [[77565.45991624577, 77590.1093984357, 77589.18329685566, 77599.87304317123, 77576.60821659489, 77605.9184865481, 77594.87455108027, 77584.91709600078, 77595.10115666562, 77591.20101668722, 77603.82825396903, 77604.37355138849, 77603.29132930495]], "Product_67": [[215739.50216697634, 215798.34532095017, 215796.61995695328, 215823.36755137445, 215766.33610063742, 215837.06653382466, 215810.90347431257, 215786.2091804901, 215812.19859238112, 215800.84143784762, 215832.9040641879, 215834.73361791216, 215832.23504524224]]}, "MSE": {"Product_19": 74351301154.67055, "Product_20": 645388012989.3198, "Product_22": 52852149126.22657, "Product_30": 161438386986.64923, "Product_39": 16272296175.395124, "Product_48": 3632056496784.68, "Product_50": 103606009382.40736, "Product_55": 1005690403.2241877, "Product_57": 1553658430.3592, "Product_67": 913701357219.1294}, "MAE": {"Product_19": 268019.1565239511, "Product_20": 783254.3829384118, "Product_22": 190588.71304923063, "Product_30": 398745.4154752745, "Product_39": 124891.47037880254, "Product_48": 1864103.9670786026, "Product_50": 262331.2250981991, "Product_55": 25349.465822810795, "Product_57": 33619.06441289213, "Product_67": 920366.0742023959}}