{"normalization": true, "retrain": true, "learning rate": 0.01, "epochs": 15, "prediction": {"Product_19": [[130577.20937961731, 130562.78821619382, 130577.62825639918, 130579.87056891022, 130573.93356446802, 130575.26122523058, 130576.37314745162, 130571.54803056335, 130549.41068506821, 130562.31251098325, 130566.60033589955, 130566.69733059214, 130582.81267908658]], "Product_20": [[1664.1436899470627, 1664.0991499264, 1665.0675552320715, 1665.6722742791067, 1664.4282098803942, 1664.2496425820789, 1665.8514270306662, 1665.4410114833706, 1664.853480164555, 1665.5062864220629, 1665.4095449922145, 1664.1524539428096, 1665.976618179838]], "Product_22": [[161803.94376240816, 161806.45723512344, 161841.5019777116, 161807.82633562863, 161873.73764155456, 161823.325381571, 161844.60120630352, 161867.1735242892, 161778.73374124878, 161854.09591107653, 161857.50050159034, 161854.1295779542, 161773.11199211632]], "Product_30": [[26.427404756729505, 26.707978165697433, 27.34599406781581, 27.22249105269255, 26.78441154018837, 26.243154124673538, 26.30227712857668, 26.791263328427966, 27.305508948355538, 26.977109963300357, 26.744295134840222, 27.198792856142674, 27.025375212787726]], "Product_39": [[102316.71248292577, 102274.03366841289, 102275.3263777456, 102282.68564214828, 102265.68706013376, 102274.19313179537, 102290.52445563822, 102284.04510535093, 102275.65750126177, 102279.58221119341, 102291.29337733374, 102296.6149588706, 102309.76588215334]], "Product_48": [[24.575449566383206, 24.354397977110278, 24.509856313913115, 24.341589037372316, 25.064985947683773, 24.990348462837204, 24.396780386981924, 24.826068307716316, 25.572286813670893, 24.694651729544592, 25.27536741400666, 24.673809568350798, 24.69233398015457]], "Product_50": [[221744.42326452956, 221748.80873730444, 221747.34553027674, 221741.1342097393, 221747.96071726244, 221745.9820291389, 221747.27564726232, 221745.64918490328, 221746.32033191243, 221747.64065934185, 221740.73916688407, 221747.99016952916, 221748.93340674916]], "Product_55": [[27.44848340427982, 27.68991509450167, 27.30449133790964, 26.558613470028998, 26.600196802806472, 26.961023919185163, 27.278687944548036, 27.07851885517037, 27.546447249898264, 27.63419893365539, 27.69858254558619, 27.669316367949406, 27.01643043454404]], "Product_57": [[93406.77777854647, 93407.07030248614, 93407.03365005286, 93433.48059944702, 93419.89595087332, 93411.33158534094, 93408.56686483446, 93415.22663354696, 93418.36116336386, 93417.7024753343, 93412.25768988444, 93409.8890432961, 93434.77346837711]], "Product_67": [[26363.96426741876, 26356.420349786193, 26363.3489651127, 26351.966941252565, 26356.786896862403, 26363.548129022336, 26364.063599177138, 26359.66871426757, 26355.94892275241, 26361.295595854015, 26358.392741916694, 26370.480033083186, 26366.531980968874]]}, "MSE": {"Product_19": 2659989145.9209523, "Product_20": 653130290357.7764, "Product_22": 18634567577.782734, "Product_30": 190973785665.73456, "Product_39": 1225971517.4343722, "Product_48": 4002443758186.2656, "Product_50": 37762598630.70636, "Product_55": 32794123097.933556, "Product_57": 2818072965.057553, "Product_67": 1126931431589.1204}, "MAE": {"Product_19": 45752.30876954931, "Product_20": 788181.165281226, "Product_22": 94203.39188871197, "Product_30": 434203.91722644, "Product_39": 26495.96260084463, "Product_48": 1960936.7716980379, "Product_50": 156073.72394544238, "Product_55": 178434.27039181843, "Product_57": 42308.78197801598, "Product_67": 1029711.0272123679}}