{"normalization": true, "retrain": true, "learning rate": 0.001, "epochs": 30, "prediction": {"Product_19": [[160780.81121288298, 160751.15555525056, 160751.15560863836, 160769.52931957183, 160769.77255427602, 160769.71067192883, 160773.86306002582, 160760.61926524545, 160762.58420310696, 160767.61329403255, 160790.95448035107, 160782.20855152438, 160764.42315090875]], "Product_20": [[17417.042183661204, 17417.033946094907, 17416.55247239776, 17416.749587781804, 17416.529081522545, 17416.95447348235, 17416.833103182482, 17416.437074996513, 17417.31589461818, 17415.65557609099, 17416.87897273386, 17417.208866085602, 17417.537286352588]], "Product_22": [[46716.23944738628, 46772.57724980063, 46788.786654144016, 46786.12295338613, 46765.68916887901, 46755.75033823982, 46764.85897378642, 46820.73664426939, 46765.772507680944, 46831.81807414985, 46764.41014914111, 46801.21927441917, 46761.88778856995]], "Product_30": [[171032.820962915, 171031.49038407975, 171030.7813048966, 171030.93330066418, 171031.29827659673, 171031.81557308312, 171031.50393622744, 171029.89249454185, 171031.813906753, 171029.10206134702, 171031.50719881407, 171030.82401181388, 171032.0472613966]], "Product_39": [[38974.4548139392, 38974.87476759631, 38974.62944585339, 38974.70816567692, 38974.421389562594, 38974.66571448891, 38974.624639648246, 38974.72211976703, 38975.006304157905, 38974.21139594407, 38974.61159324035, 38975.100857925485, 38975.13674943995]], "Product_48": [[1142309.6719600218, 1142298.9782253774, 1142296.2930318923, 1142296.6952549377, 1142300.7248721162, 1142302.2674723456, 1142300.656222685, 1142290.3693732203, 1142300.075160603, 1142288.9004021129, 1142300.7541829448, 1142293.5213608711, 1142300.6405862651]], "Product_50": [[197764.6760071669, 197764.29746412317, 197763.93524350526, 197764.02144926498, 197764.0661617764, 197764.35301900716, 197764.21649418678, 197763.6190309182, 197764.4692830838, 197763.13409237226, 197764.21293316234, 197764.1132997475, 197764.60557203676]], "Product_55": [[54030.74173651791, 54031.62248050852, 54031.479781362235, 54031.54457534951, 54031.08020342432, 54031.26910189903, 54031.29356574518, 54031.820860428765, 54031.7130962872, 54031.35224642906, 54031.27590748543, 54032.08284813573, 54031.82468921322]], "Product_57": [[53027.710766687655, 52971.38186546214, 52954.41358344776, 52957.29257287597, 52977.43797940485, 52988.03771523378, 52978.70758136185, 52922.17473477483, 52978.5710241019, 52909.86057350545, 52979.14555791139, 52942.79359466744, 52982.788126758955]], "Product_67": [[415216.58094815357, 415213.43021772214, 415212.3293499619, 415212.53115681984, 415213.6038564246, 415214.32805903075, 415213.76107546315, 415210.46262696874, 415213.9076385545, 415209.5279433476, 415213.7815941206, 415211.8340760326, 415214.2092421329]]}, "MSE": {"Product_19": 19174152342.229954, "Product_20": 212875199700.7975, "Product_22": 18812717122.986626, "Product_30": 40936327280.037796, "Product_39": 1028296551.9416518, "Product_48": 596053995928.079, "Product_50": 36747051223.795975, "Product_55": 4130853829.341209, "Product_57": 13620672672.28754, "Product_67": 574247856243.3511}, "MAE": {"Product_19": 129064.89251358868, "Product_20": 425414.4282064895, "Product_22": 94649.20477438236, "Product_30": 196202.8349502684, "Product_39": 27466.717663407027, "Product_48": 662505.3559575025, "Product_50": 148968.55138231843, "Product_55": 58209.571884861485, "Product_57": 110211.03986285339, "Product_67": 712475.7614703972}}