{"normalization": true, "retrain": false, "learning rate": 0.01, "epochs": 15, "prediction": {"Product_19": [[84826.12706549908, 84823.93102907398, 84834.2417838727, 84835.34750988103, 84814.76511473578, 84868.22571622892, 84798.39592788678, 84822.18185974202, 84819.05877589909, 84852.0969538444, 84842.25451870228, 84811.77107623519, 84802.42648742942]], "Product_20": [[597286.306986998, 597276.4916643077, 597315.4274747788, 597318.1902643787, 597246.0268389583, 597431.9527939752, 597189.693993802, 597271.170820882, 597260.1891580026, 597378.0743038934, 597340.6536237379, 597235.9000150572, 597204.9233072072]], "Product_22": [[328800.1919503572, 328796.1524744353, 328812.55384579033, 328813.80583253864, 328783.062177305, 328862.3876219076, 328758.9965648461, 328793.8311710135, 328789.1550558234, 328839.24555077, 328823.4950620912, 328778.72354175005, 328765.40921535855]], "Product_30": [[232395.73415972057, 232395.80366141733, 232396.46303529086, 232396.72855754345, 232394.645079873, 232400.26133836282, 232392.84079834522, 232395.5146172587, 232395.2028151037, 232398.2627825198, 232397.6691268851, 232394.29076132245, 232393.0978394809]], "Product_39": [[180338.15540902177, 180338.15456855673, 180338.8613974481, 180339.07611608042, 180337.11800157197, 180342.34966088808, 180335.45558772917, 180337.90830512208, 180337.6142765045, 180340.55448834063, 180339.90533135296, 180336.7966103927, 180335.7314223973]], "Product_48": [[662700.4450204617, 662699.443698948, 662702.3495330573, 662702.3063183129, 662697.902566664, 662708.9632395072, 662694.6668548017, 662699.2733884077, 662698.5972032896, 662706.181879104, 662703.3439569387, 662697.3551087779, 662695.8047522731]], "Product_50": [[308332.80702992744, 308332.54106498475, 308333.6874984182, 308333.79022930237, 308331.5811494092, 308337.2963536159, 308329.8390582776, 308332.3649384956, 308332.029268595, 308335.6041234242, 308334.5063653171, 308331.26506244973, 308330.2874819517]], "Product_55": [[123330.90250226625, 123331.25583004038, 123330.82259498369, 123331.01837040111, 123330.929370004, 123331.41651074245, 123330.67596507043, 123331.10903337743, 123331.10094528549, 123330.89084782824, 123331.34854873488, 123330.85276720724, 123330.50551142471]], "Product_57": [[2840.0940299522913, 2840.868559419506, 2839.805866324408, 2840.200574171, 2840.3190016471517, 2840.5490581664353, 2840.029746451504, 2840.586248770831, 2840.6155949401223, 2839.684382436484, 2840.791471620847, 2840.2025626319523, 2839.61200344836]], "Product_67": [[632130.0178967917, 632128.8354672221, 632130.5137251406, 632129.9281921859, 632129.5922808499, 632129.6555691002, 632129.9021536743, 632129.246921019, 632129.1788292414, 632130.8333135098, 632129.0918486249, 632129.7445713648, 632130.5617123077]]}, "MSE": {"Product_19": 13067421530.420258, "Product_20": 68972402774.63374, "Product_22": 17988392016.605316, "Product_30": 43178028182.5599, "Product_39": 3652174551.0568995, "Product_48": 1832599054874.1821, "Product_50": 42736272379.78331, "Product_55": 4462108812.309711, "Product_57": 1924907974.041335, "Product_67": 1117250047558.6948}, "MAE": {"Product_19": 102716.40314335412, "Product_20": 208532.52899932122, "Product_22": 92738.3604824473, "Product_30": 201834.88349437513, "Product_39": 55286.34250941518, "Product_48": 1294383.561874345, "Product_50": 121963.01540123906, "Product_55": 59218.134444453906, "Product_57": 36656.56895905787, "Product_67": 1024999.3065315108}}