{"normalization": false, "retrain": false, "learning rate": 0.01, "epochs": 15, "prediction": {"Product_19": [[27.478634689227242, 26.777279752611555, 26.835634711351688, 27.867472794247607, 26.6068935420955, 27.293538391956268, 27.521655261885332, 27.573063273921722, 27.802024324187947, 27.55549267372957, 26.489620423723533, 26.553952917435883, 26.70421992433849]], "Product_20": [[54.37461998841747, 53.67326568660732, 53.73162059252941, 54.763457741494925, 53.502879630309494, 54.189523858679756, 54.4176405221372, 54.469048487643335, 54.69800933067363, 54.45147790335474, 53.3856066180827, 53.44993905356681, 53.60020592446143]], "Product_22": [[80.63638228546094, 79.9350321975842, 79.99338675289492, 81.02521770228128, 79.76464716500938, 80.45128726783534, 80.6794025607007, 80.73081021733223, 80.95976968469476, 80.71323973861323, 79.64737485738797, 79.71170690634723, 79.86197287440017]], "Product_30": [[107.50401253311573, 106.80266286472455, 106.8610173851325, 107.89284771736833, 106.63227793405922, 107.31891762619757, 107.54703278262399, 107.5984404085084, 107.8273997389268, 107.58086994029838, 106.51500569657873, 106.57933770706089, 106.72960358523818]], "Product_39": [[134.36839554199773, 133.66705043409226, 133.7254045750565, 134.75722819783724, 133.49666661133264, 134.1833018386565, 134.41141551176682, 134.46282280337226, 134.69178064497493, 134.44525244941508, 133.37939513639677, 133.44372672857034, 133.59399162966466]], "Product_48": [[159.40034916531175, 158.6990061835637, 158.75736014762518, 159.78918064238658, 158.5286228773294, 159.2152560230909, 159.44336900466422, 159.494776140426, 159.7237332879326, 159.4772058397344, 158.41135175790725, 158.4756831550566, 158.62594760061737]], "Product_50": [[184.16375922007697, 183.46242862492167, 183.52078155838282, 184.55258382985957, 183.29204832785567, 183.9786693468401, 184.20677829964083, 184.25818452748447, 184.4871376312963, 184.2406145371077, 183.1747792795743, 183.23910954055773, 183.38937133227583]], "Product_55": [[211.29208393206994, 210.59075479236577, 210.64910760472986, 211.68090773492875, 210.42037484888354, 211.10699444294565, 211.33510292235687, 211.3865090435172, 211.61546167218563, 211.368939089604, 210.30310604396377, 210.36743617144683, 210.51769765133255]], "Product_57": [[238.1781820051327, 237.47685627982946, 237.5352088081058, 238.5670039149922, 237.3064771658308, 237.99309341711552, 238.22120078598078, 238.27260665687015, 238.50155817087565, 238.2550367884959, 237.18920893182388, 237.25353874612122, 237.4037994944704]], "Product_67": [[264.89191094195814, 264.19058593327975, 264.2489384019295, 265.2807324545125, 264.02020699337646, 264.70682254306706, 264.93492967884885, 264.9863354972096, 265.2152867772692, 264.9687656467897, 263.9029388791956, 263.96726862775927, 264.11752922257]]}, "MSE": {"Product_19": 75070439309.39922, "Product_20": 655672245167.5981, "Product_22": 59631026554.30671, "Product_30": 190904047093.19366, "Product_39": 16458597239.962675, "Product_48": 4001916747606.3066, "Product_50": 191118492173.3652, "Product_55": 32728581646.705803, "Product_57": 26814118899.977158, "Product_67": 1129755896282.266}, "MAE": {"Product_19": 269357.4569628708, "Product_20": 789792.09943882, "Product_22": 207611.991520753, "Product_30": 434123.5854287754, "Product_39": 125635.18258214592, "Product_48": 1960802.4583198593, "Product_50": 395393.0795195342, "Product_55": 178250.56657877305, "Product_57": 159185.21894067957, "Product_67": 1031081.5821344926}}