{"Product_19": 267901.82745555, "Product_20": 788363.3659170886, "Product_22": 206209.5197632423, "Product_30": 432747.98130170384, "Product_39": 124286.44284016543, "Product_48": 1959478.750532473, "Product_50": 394094.1351478577, "Product_55": 176978.75053247312, "Product_57": 157940.28899401156, "Product_67": 1029863.3659170886}