{"Product_19": 44073.99132073006, "Product_20": 779145.0828455178, "Product_22": 101562.98094587891, "Product_30": 53564.21277981532, "Product_39": 22002.742536228037, "Product_48": 418960.3218717944, "Product_50": 153949.4621298035, "Product_55": 176166.31552530333, "Product_57": 43066.9513841273, "Product_67": 299538.5472714453}