{"normalization": false, "retrain": true, "learning rate": 0.01, "epochs": 15, "prediction": {"Product_19": [[120871.83412798378, 120898.51256561879, 120875.53970062267, 120879.60599449396, 120871.49404077268, 120888.56095239686, 120900.22420889599, 120862.61512704837, 120890.8089953433, 120887.21537570024, 120880.38271075253, 120869.2934147689, 120894.00992133352]], "Product_20": [[377275.5285106658, 377260.4678987488, 377341.9259710564, 377276.8650096949, 377268.51082871115, 377269.3997008999, 377264.27531781606, 377266.1489018975, 377279.9439150847, 377303.0855390372, 377265.1489410968, 377264.47224668093, 377273.1878421569]], "Product_22": [[26.308508017657335, 26.587593825136953, 26.319469306024025, 26.032166093235322, 26.362704884651528, 26.945803549988582, 25.846829482991065, 26.04420106367454, 26.361682611313316, 26.44156248874493, 26.00111357131708, 26.40178961926447, 26.564638546216973]], "Product_30": [[204380.0153675396, 204360.99701764496, 204375.8573959929, 204375.31549551003, 204365.54493157606, 204377.51347038193, 204376.93770632273, 204381.0182214176, 204376.81168747705, 204373.24329126958, 204367.58516824394, 204356.31583778356, 204379.17313056075]], "Product_39": [[58724.73930861283, 58739.83948979636, 58735.521056697165, 58724.64345424112, 58734.67771967973, 58736.77918545537, 58736.57892595616, 58769.20781971559, 58730.8966537732, 58749.92633734143, 58734.95987328683, 58786.367685218094, 58748.354543600246]], "Product_48": [[24.66458381057877, 24.870509396174693, 25.07841477384873, 25.179672208421945, 24.939234595014778, 25.628886974394344, 25.659543457641085, 24.369029442548015, 25.467791008957104, 25.14083119778702, 24.39845849106519, 25.284598297762503, 24.33209279454199]], "Product_50": [[6059.95517273308, 6058.713959288775, 6058.425196449919, 6060.352820139243, 6059.602432613368, 6061.543604448305, 6060.157552814918, 6059.654464153302, 6057.385088566948, 6058.125393547307, 6060.141547979358, 6056.99367218469, 6058.2636351420315]], "Product_55": [[71848.1881316797, 71836.71360665036, 71822.05666576164, 71827.00144567175, 71839.90769263862, 71827.84843341987, 71842.76542855933, 71810.00734626096, 71871.90712429173, 71853.85890201334, 71827.89118838363, 71850.1121149688, 71845.80935966854]], "Product_57": [[103142.93612737308, 103145.13929518998, 103140.4617022965, 103129.18454359146, 103143.29060541885, 103150.99336001875, 103145.89292369306, 103144.494649975, 103110.51182369476, 103142.40444566293, 103118.87047968776, 103115.29438231714, 103135.6728630612]], "Product_67": [[681453.6112993537, 681464.1437586641, 681425.0097719886, 681431.4655189585, 681446.075176477, 681442.0389007524, 681456.6917246963, 681440.0063673507, 681463.8455691889, 681399.6562418237, 681430.6879365037, 681444.4098417663, 681454.474084424]]}, "MSE": {"Product_19": 2579956204.307948, "Product_20": 41458988356.11206, "Product_22": 59653513312.830605, "Product_30": 5094335111.1509285, "Product_39": 753131618.0015367, "Product_48": 4002442852866.8613, "Product_50": 186506914245.49902, "Product_55": 968528434.6410501, "Product_57": 1987108166.2021677, "Product_67": 110103944982.74396}, "MAE": {"Product_19": 44609.42165403965, "Product_20": 163684.60157074264, "Product_22": 207665.98322591843, "Product_30": 58091.54274126768, "Product_39": 20916.821032008233, "Product_48": 1960936.5374118113, "Product_50": 389517.7450353799, "Product_55": 26199.953533488613, "Product_57": 37196.273800731804, "Product_67": 310118.31814384}}