{"normalization": false, "retrain": false, "learning rate": 0.01, "epochs": 15, "prediction": {"Product_19": [[124765.06135208045, 124761.09031900701, 124777.76410113463, 124784.61659084402, 124765.15446519782, 124787.70920542984, 124775.9209838114, 124770.01246694369, 124776.27519795559, 124770.97623658927, 124772.95748244239, 124760.57052559569, 124761.80955598479]], "Product_20": [[385238.31214002724, 385239.5877816646, 385236.6371335292, 385240.3967928715, 385237.50898742664, 385237.4422912021, 385239.4340085279, 385236.30931714544, 385235.51923575025, 385236.5055076384, 385236.57835795765, 385240.1482190762, 385237.05353143945]], "Product_22": [[168920.8698000251, 168925.39076204068, 168914.98214795266, 168928.49846424488, 168918.19676989957, 168918.48770959524, 168925.07081672954, 168914.83267028237, 168912.18275043054, 168914.74750550237, 168915.89457748408, 168927.48004835713, 168917.09684001852]], "Product_30": [[198811.4228045688, 198814.5896899876, 198807.28265404218, 198816.70610404242, 198809.50488019362, 198809.57706145904, 198814.30975329288, 198806.9205119614, 198805.02319349855, 198807.05866119807, 198807.63828935404, 198816.02619123072, 198808.60279727168]], "Product_39": [[57927.108607396076, 57929.31580851888, 57924.20504140511, 57930.78146477921, 57925.764738019534, 57925.8110182645, 57929.11880986115, 57923.94313084786, 57922.6053768159, 57924.04579020991, 57924.446995777864, 57930.31189120465, 57925.12791447155]], "Product_48": [[830558.421219552, 830552.923031691, 830566.827718225, 830549.6275189954, 830562.0353540913, 830561.5335933602, 830553.267159986, 830566.8260051332, 830571.0095834726, 830567.1375708816, 830565.1910844591, 830550.6630850596, 830563.516011302]], "Product_50": [[220299.81407558647, 220300.0571261096, 220299.53696706836, 220300.4644756887, 220299.8510395275, 220300.41473898457, 220300.271940842, 220300.59873417512, 220300.60591201027, 220299.77072208756, 220300.77107594983, 220300.27540530672, 220300.33371054463]], "Product_55": [[66287.33522057244, 66287.20276530221, 66287.48060104469, 66286.95445122191, 66287.2952894888, 66286.92947290205, 66287.06085920215, 66286.78744144803, 66286.76640088549, 66287.32676257014, 66286.68154295167, 66287.07212722686, 66286.97397639713]], "Product_57": [[95135.0454362332, 95135.0288532953, 95135.06363740396, 95134.99776535128, 95135.04043701677, 95134.9946382188, 95135.01108720667, 95134.97685652437, 95134.97422235516, 95135.04437735125, 95134.96359851788, 95135.01249790698, 95135.00020987485]], "Product_67": [[602461.5825560061, 602461.5109577571, 602461.6611409376, 602461.376732494, 602461.5609714788, 602461.3632307615, 602461.4342509838, 602461.2864562698, 602461.2750829295, 602461.577984198, 602461.2292132019, 602461.4403418226, 602461.3872869852]]}, "MSE": {"Product_19": 2607044992.163136, "Product_20": 42507542154.03268, "Product_22": 16854734033.048414, "Product_30": 4254818646.2048044, "Product_39": 694154012.661543, "Product_48": 178080134703.19183, "Product_50": 37766589138.01447, "Product_55": 974232037.3063743, "Product_57": 2923869288.8880897, "Product_67": 104438711127.45525}, "MAE": {"Product_19": 44969.54096911793, "Product_20": 165670.19334487442, "Product_22": 101452.91457068898, "Product_30": 53288.698070706225, "Product_39": 21969.53877620258, "Product_48": 347798.6266634307, "Product_50": 156099.98701346194, "Product_55": 25553.103360546564, "Product_57": 43075.57336400871, "Product_67": 302545.9658755201}}