{"normalization": false, "retrain": false, "learning rate": 0.01, "epochs": 15, "prediction": {"Product_19": [[361483.014082978, 361482.181967424, 361481.73769915744, 361482.40147815226, 361485.9168458752, 361483.3112934551, 361484.09805266815, 361484.841511604, 361485.18358012545, 361482.39392083103, 361484.2514049541, 361483.7695689325, 361482.53345020284]], "Product_20": [[163057.65075478703, 163056.41779635887, 163048.96447239458, 163050.22503749924, 163061.33166813693, 163051.1580295973, 163052.03887706026, 163059.84957860684, 163057.94946664554, 163048.14995078955, 163058.46019235213, 163054.74203025404, 163055.77772197718]], "Product_22": [[448358.70914464456, 448357.7662637774, 448357.2758056561, 448358.1880655609, 448362.58215062326, 448359.16655333684, 448360.2184109059, 448361.11446690286, 448361.58765727404, 448358.07819003507, 448360.27623022796, 448359.74980111315, 448358.1293157432]], "Product_30": [[448358.70914464456, 448357.7662637774, 448357.2758056561, 448358.1880655609, 448362.58215062326, 448359.16655333684, 448360.2184109059, 448361.11446690286, 448361.58765727404, 448358.07819003507, 448360.27623022796, 448359.74980111315, 448358.1293157432]], "Product_39": [[251770.23737417485, 251770.69062530273, 251782.76906001323, 251781.07920440135, 251766.66914502438, 251781.58689844742, 251780.81324635973, 251768.37189574982, 251771.95188873782, 251785.23250320877, 251770.48833580504, 251775.91114818206, 251772.71836623162]], "Product_48": [[448358.70914464456, 448357.7662637774, 448357.2758056561, 448358.1880655609, 448362.58215062326, 448359.16655333684, 448360.2184109059, 448361.11446690286, 448361.58765727404, 448358.07819003507, 448360.27623022796, 448359.74980111315, 448358.1293157432]], "Product_50": [[448358.70914464456, 448357.7662637774, 448357.2758056561, 448358.1880655609, 448362.58215062326, 448359.16655333684, 448360.2184109059, 448361.11446690286, 448361.58765727404, 448358.07819003507, 448360.27623022796, 448359.74980111315, 448358.1293157432]], "Product_55": [[448358.70914464456, 448357.7662637774, 448357.2758056561, 448358.1880655609, 448362.58215062326, 448359.16655333684, 448360.2184109059, 448361.11446690286, 448361.58765727404, 448358.07819003507, 448360.27623022796, 448359.74980111315, 448358.1293157432]], "Product_57": [[448358.70914464456, 448357.7662637774, 448357.2758056561, 448358.1880655609, 448362.58215062326, 448359.16655333684, 448360.2184109059, 448361.11446690286, 448361.58765727404, 448358.07819003507, 448360.27623022796, 448359.74980111315, 448358.1293157432]], "Product_67": [[208121.38685487173, 208121.64388291124, 208131.0047972161, 208129.6386267114, 208118.48459818814, 208130.18116873593, 208129.5438203757, 208119.88256757127, 208122.64829959904, 208132.95683588617, 208121.59744873262, 208125.75670558764, 208123.29401461853]]}, "MSE": {"Product_19": 20104686229.84169, "Product_20": 352647225602.4895, "Product_22": 18049651202.720314, "Product_30": 92183125707.34317, "Product_39": 2645326465373.3384, "Product_48": 19095902292.828323, "Product_50": 7463365186.305828, "Product_55": 7077660108.545414, "Product_57": 470323008145.8809, "Product_67": 11270372777.755888}, "MAE": {"Product_19": 117809.05851888946, "Product_20": 573486.704457246, "Product_22": 108540.1305571236, "Product_30": 300282.52631198475, "Product_39": 1570740.0121495535, "Product_48": 113813.91092736933, "Product_50": 79367.11212758171, "Product_55": 78655.52289775896, "Product_57": 628371.3198418615, "Product_67": 87139.35752445445}}