{"normalization": false, "retrain": false, "learning rate": 0.01, "epochs": 30, "prediction": {"Product_19": [[242039.47305190025, 242032.1196146096, 242017.22704471517, 242032.81103670216, 242031.83705300646, 242043.26892425105, 242027.0272678569, 242028.03517746401, 242035.26473930213, 242036.60495045062, 242048.30726364057, 242041.28769051482, 242039.1103950416]], "Product_20": [[469891.9058445687, 469891.9480545659, 469891.99700646044, 469891.8708313279, 469891.8876436494, 469891.83779035043, 469891.8837805861, 469891.9429539412, 469891.9105695534, 469891.9282549761, 469891.8338735, 469891.9197289125, 469891.889850361]], "Product_22": [[239678.38980943387, 239685.52749314942, 239700.41756392014, 239685.72832954835, 239686.54015459982, 239675.25597381382, 239691.5833541402, 239689.83182198205, 239682.7059632779, 239681.10298582222, 239670.0677046987, 239676.33913098997, 239678.95699362466]], "Product_30": [[469891.9058445687, 469891.9480545659, 469891.99700646044, 469891.8708313279, 469891.8876436494, 469891.83779035043, 469891.8837805861, 469891.9429539412, 469891.9105695534, 469891.9282549761, 469891.8338735, 469891.9197289125, 469891.889850361]], "Product_39": [[242039.47305190025, 242032.1196146096, 242017.22704471517, 242032.81103670216, 242031.83705300646, 242043.26892425105, 242027.0272678569, 242028.03517746401, 242035.26473930213, 242036.60495045062, 242048.30726364057, 242041.28769051482, 242039.1103950416]], "Product_48": [[469891.9058445687, 469891.9480545659, 469891.99700646044, 469891.8708313279, 469891.8876436494, 469891.83779035043, 469891.8837805861, 469891.9429539412, 469891.9105695534, 469891.9282549761, 469891.8338735, 469891.9197289125, 469891.889850361]], "Product_50": [[469891.9058445687, 469891.9480545659, 469891.99700646044, 469891.8708313279, 469891.8876436494, 469891.83779035043, 469891.8837805861, 469891.9429539412, 469891.9105695534, 469891.9282549761, 469891.8338735, 469891.9197289125, 469891.889850361]], "Product_55": [[252030.55584162218, 252030.43563651323, 252030.3964556416, 252030.85691045603, 252030.7781834625, 252030.87679515497, 252030.87565256772, 252030.52859881296, 252030.59580582805, 252030.47568213788, 252030.81916006914, 252030.4494944024, 252030.6510779555]], "Product_57": [[469891.9058445687, 469891.9480545659, 469891.99700646044, 469891.8708313279, 469891.8876436494, 469891.83779035043, 469891.8837805861, 469891.9429539412, 469891.9105695534, 469891.9282549761, 469891.8338735, 469891.9197289125, 469891.889850361]], "Product_67": [[469891.9058445687, 469891.9480545659, 469891.99700646044, 469891.8708313279, 469891.8876436494, 469891.83779035043, 469891.8837805861, 469891.9429539412, 469891.9105695534, 469891.9282549761, 469891.8338735, 469891.9197289125, 469891.889850361]]}, "MSE": {"Product_19": 19080140031.10718, "Product_20": 328413777124.49536, "Product_22": 31220898360.426277, "Product_30": 9630460372.918009, "Product_39": 2578147054794.0894, "Product_48": 24460992598.852943, "Product_50": 70007679704.5599, "Product_55": 12058901541.147886, "Product_57": 772190432607.4719, "Product_67": 10000829473.005291}, "MAE": {"Product_19": 88101.19932266862, "Product_20": 551954.2495244036, "Product_22": 142245.4975887717, "Product_30": 87274.15382911226, "Product_39": 1549207.5572167113, "Product_48": 135346.36586021175, "Product_50": 257968.82739867328, "Product_55": 100206.97141853606, "Product_57": 834695.9712146572, "Product_67": 79902.47427461855}}