{"normalization": false, "retrain": true, "learning rate": 0.01, "epochs": 15, "prediction": {"Product_19": [115590.23676552599, 115589.45161343913, 115590.35013720725, 115589.80824638334, 115590.59781459006, 115589.65258199973, 115590.05822158007, 115590.18639617071, 115590.12532401262, 115589.68295692497, 115590.61093746859, 115589.76136123536, 115589.84055287093]], "Product_20": [[414258.89346176776, 414259.42819904763, 414259.27140687715, 414259.1973533697, 414258.09291853424, 414259.07926141657, 414259.0395836027, 414258.2593684148, 414258.73694583494, 414259.4983103297, 414259.0118249842, 414259.26756787294, 414258.70532350906]], "Product_22": [[271467.5343499618, 271404.7523596893, 271447.81748839363, 271432.9512702547, 271528.85970618797, 271433.38331792166, 271452.1881063499, 271503.2046040713, 271470.5629524129, 271408.17409959144, 271474.8147931679, 271426.68514602556, 271460.5707457747]], "Product_30": [[342009.7674898556, 342010.0902154532, 342010.00045248953, 342009.9509501457, 342009.2790169435, 342009.8769472228, 342009.8559203199, 342009.37752394314, 342009.6699416159, 342010.13486190856, 342009.84331710107, 342009.99374161137, 342009.64796867355]], "Product_39": [[102152.80173664229, 102153.0286652282, 102152.89851726458, 102152.92783809046, 102152.54651562347, 102152.91235943799, 102152.8590540548, 102152.63276166476, 102152.77489620338, 102153.02836253746, 102152.79738019101, 102152.95253902995, 102152.79679279284]], "Product_48": [[1737115.751348817, 1737115.7292394713, 1737115.5175476978, 1737115.7294194663, 1737116.0711709696, 1737115.853330608, 1737115.729532021, 1737116.1199124109, 1737115.8937449714, 1737115.623156615, 1737115.5586254725, 1737115.708965533, 1737116.0167007283]], "Product_50": [[226831.10254760509, 226830.85424114004, 226831.2347918794, 226830.9748259002, 226831.06858957742, 226830.86185911644, 226831.05707619106, 226830.9136766179, 226830.98356522413, 226830.96719232696, 226831.3122842911, 226830.9669492505, 226830.8268665641]], "Product_55": [[142114.8633976606, 142114.72347928022, 142115.05300076163, 142114.7963851745, 142114.69289717692, 142114.6699520049, 142114.84610881322, 142114.5763459936, 142114.72465976147, 142114.8415510801, 142115.08063659628, 142114.80120185151, 142114.57221350563]], "Product_57": [[61068.31572511155, 61068.007761069326, 61068.531257159695, 61068.15953567872, 61068.2058582639, 61067.99132642856, 61068.26305880207, 61068.00062568797, 61068.13606455485, 61068.17221195177, 61068.6201929231, 61068.15390955725, 61067.91300254883]], "Product_67": [[898578.0341689899, 898601.4829906636, 898585.4806958879, 898590.9543674659, 898555.0209887924, 898590.7480798326, 898583.7719000417, 898564.5821737818, 898576.851693336, 898600.2439273108, 898575.3858309656, 898593.3013611749, 898580.5378462301]]}, "MSE": {"Product_19": 16364125066.798225, "Product_20": 84671631669.9851, "Product_22": 30900457673.288063, "Product_30": 3118382355.6777983, "Product_39": 1075240847.7254684, "Product_48": 1879046621972.353, "Product_50": 50774150809.12606, "Product_55": 7513770528.018926, "Product_57": 1966909034.160039, "Product_67": 66940305011.78377}, "MAE": {"Product_19": 117673.83834049189, "Product_20": 233424.74721711516, "Product_22": 157168.08132951002, "Product_30": 47341.02787258161, "Product_39": 28117.704213276855, "Product_48": 1312202.7476650716, "Product_50": 205830.99013328474, "Product_55": 80984.22330592855, "Product_57": 37873.98270980883, "Product_67": 209591.47946419116}}